"platform","page/stage","text"
"both","Metadata","REACHOUT | Phone- and text-banking"
"both","Metadata","Easily phone and message contacts to build for meetings, mobilisations, actions and more."
"both","Metadata / share link","Open this REACHOUT phonebank on your phone to start calling and messaging contacts."
"desktop","Header","REACHOUT"
"desktop","Header","by TenantAct"
"desktop","Header","Get started"
"desktop","Header","FAQ"
"desktop","Header","Living Rent"
"desktop","Journey nav","SET UP YOUR REACHOUT"
"desktop","Journey nav","IMPORT CONTACTS"
"desktop","Journey nav","Add or paste your contacts"
"desktop","Journey nav","WRITE MESSAGES"
"desktop","Journey nav","Create your templates"
"desktop","Journey nav","CALL NOTES & REPORTBACKS"
"desktop","Journey nav","Add prompts and reportback questions"
"desktop","Journey nav","START CONTACTING"
"desktop","Journey nav","Use your phonebank links"
"desktop","Journey nav","Use your pre-filled WhatsApp and SMS links"
"desktop","Journey nav","Organiser mode"
"desktop","Journey nav","Notes, reportbacks and session hosting enabled."
"desktop","Journey nav","Add call notes, reportbacks and hosting tools."
"desktop","Journey nav","Enabled"
"desktop","Journey nav","Enable"
"desktop","Journey nav","NEED HELP?"
"desktop","Journey nav","Learn how REACHOUT works and how to use it on your phone."
"desktop","Journey nav","View guide"
"desktop","Journey nav","Display"
"desktop","Journey nav","Text size and colour mode"
"desktop","Journey nav","Built by members of Living Rent, Scotland's tenants' union."
"desktop","Contacts / import","Stage 1 of 3"
"desktop","Contacts / import","Stage 1 of 4"
"desktop","Contacts / import","IMPORT YOUR CONTACTS"
"desktop","Contacts / import","Copy and paste in the names and numbers of the people you want to message."
"desktop","Contacts / import","You can copy this example for formatting."
"desktop","Contacts / import","PASTE YOUR CONTACTS HERE"
"desktop","Contacts / import","Copy your contacts' names and numbers with ctrl/cmd + C, then click here and paste them with ctrl/cmd + V."
"desktop","Contacts / import","OR"
"desktop","Contacts / import","Click to paste"
"desktop","Contacts / import","This button may request access to your clipboard to work."
"desktop","Contacts / import","Contacts imported successfully!"
"desktop","Contacts / import","Clipboard API is not supported in this browser context."
"desktop","Contacts / import","Clipboard is empty."
"desktop","Contacts / import","Access denied. Please paste using Ctrl/Cmd + V inside the box."
"desktop","Contacts / import","Could not parse any contacts from clipboard. Check formatting below."
"desktop","Contacts / import","Format unrecognized. Check formatting instructions below."
"desktop","Contacts / import","Formatting example"
"desktop","Contacts / import","Use one contact per row, with a name and phone number in separate columns."
"desktop","Contacts / import","Name"
"desktop","Contacts / import","Phone number"
"desktop","Contacts / import","Sandy Mills"
"desktop","Contacts / import","+44 7712 345678"
"desktop","Contacts / import","Mia Benson"
"desktop","Contacts / import","07712 345678"
"desktop","Contacts / import","Commas, tabs, semicolons, or spreadsheet columns are all fine."
"desktop","Contacts / import","DIAL CODE"
"desktop","Contacts / import","Used when a number does not already include an international dial code."
"desktop","Contacts / import","CONTACTS PREVIEW"
"desktop","Contacts / import","Example contacts loaded"
"desktop","Contacts / import","Clear all"
"desktop","Contacts / import","Are you sure you want to clear all contacts?"
"desktop","Contacts / import","duplicate contact found"
"desktop","Contacts / import","duplicate contacts found"
"desktop","Contacts / import","Matching phone numbers are highlighted below."
"desktop","Contacts / import","Clean up"
"desktop","Contacts / import","Continue to messages"
"desktop","Contacts / import modal","Contacts already loaded"
"desktop","Contacts / import modal","Add these contacts or replace the current list?"
"desktop","Contacts / import modal","We found [count] contact(s) in what you pasted. Choose whether to add them to the existing [count], or replace the list and start fresh."
"desktop","Contacts / import modal","Replace list"
"desktop","Contacts / import modal","Add to list"
"desktop","Contacts preview","NAME"
"desktop","Contacts preview","PHONE NUMBER"
"desktop","Contacts preview","No contacts imported yet."
"desktop","Contacts preview","Use the paste dropzone on the left to add names and numbers."
"desktop","Contacts preview","Duplicate"
"desktop","Contacts preview","Both Name and Phone Number are required."
"desktop","Contacts preview","Full Name"
"desktop","Contacts preview","Phone Number"
"desktop","Contacts preview","Save Changes"
"desktop","Contacts preview","Cancel Editing"
"desktop","Contacts preview","Edit Contact"
"desktop","Contacts preview","Remove Contact"
"desktop","Messages / templates","Stage 2 of 3"
"desktop","Messages / templates","Stage 2 of 4"
"desktop","Messages / templates","WRITE YOUR MESSAGES"
"desktop","Messages / templates","Create the message templates you want to send to each contact."
"desktop","Messages / templates","Use {FIRSTNAME} to add each contact's first name. You can also use *bold* and _italics_ for WhatsApp messages."
"desktop","Messages / templates","Example templates are included to get you started. Edit or delete them before sending."
"desktop","Messages / templates","Example template"
"desktop","Messages / templates","Template title"
"desktop","Messages / templates","Delete template"
"desktop","Messages / templates","Message body - use {FIRSTNAME} for personalization"
"desktop","Messages / templates","Did you mean to use {FIRSTNAME}?"
"desktop","Messages / templates","Fix token"
"desktop","Messages / templates","Add Template"
"desktop","Messages / templates","TOP TIP"
"desktop","Messages / templates","The Connolly for President campaign in Ireland found it useful to text people just before calling. A short message saying you are phonebanking now, and asking whether they are free for a call in the next hour, can make the follow-up call feel less cold."
"desktop","Messages / templates","Back to contacts"
"desktop","Messages / templates","Start messaging"
"desktop","Messages / templates","Add notes & reportbacks"
"desktop","Organiser / call notes and reportbacks","Stage 3 of 4"
"desktop","Organiser / call notes and reportbacks","CALL NOTES AND REPORTBACKS"
"desktop","Organiser / call notes and reportbacks","Add phonebanking prompts and choose what people should report back after each contact."
"desktop","Organiser / call notes","Call notes"
"desktop","Organiser / call notes","Add short reminders that appear alongside each contact while people are phonebanking. Useful for campaign context, asks, or local issues."
"desktop","Organiser / call notes","e.g. Remind them about the AGM on the 18th"
"desktop","Organiser / call notes","Remove note"
"desktop","Organiser / call notes","Add call note"
"desktop","Organiser / call notes","How this appears to phonebankers"
"desktop","Organiser / call notes","No call notes yet. Phonebankers will just see each contact and the message options."
"desktop","Organiser / reportbacks","Reportbacks"
"desktop","Organiser / reportbacks","Turn this on if phonebankers should record what happened after each contact and send you a summary at the end."
"desktop","Organiser / reportbacks","Add the number that should receive reports, then choose the questions people should answer after each contact."
"desktop","Organiser / reportbacks","Your phone number"
"desktop","Organiser / reportbacks","Reportback phone dial code"
"desktop","Organiser / reportbacks","e.g. 7712 345678"
"desktop","Organiser / reportbacks","This number starts with +[dial code], but the dropdown is set to [dial code]. Choose the matching dial code so WhatsApp links work."
"desktop","Organiser / reportbacks","This number looks a bit short. Include the full mobile number so phonebankers can send WhatsApp reportbacks."
"desktop","Organiser / reportbacks","Make reportback mandatory"
"desktop","Organiser / reportbacks","Phonebankers cannot move to the next contact until the questions marked mandatory are answered."
"desktop","Organiser / reportbacks","Question to ask after contact"
"desktop","Organiser / reportbacks","Yes / no"
"desktop","Organiser / reportbacks","Free text"
"desktop","Organiser / reportbacks","Required"
"desktop","Organiser / reportbacks","Remove question"
"desktop","Organiser / reportbacks","Add reportback question"
"desktop","Organiser / reportbacks","Back to messages"
"desktop","Organiser / reportbacks","Start contacting"
"desktop","Start contacting","Stage 3 of 3"
"desktop","Start contacting","Stage 4 of 4"
"desktop","Start contacting","START CONTACTING"
"desktop","Start contacting","The easiest route is to transfer everything to your phone, then call and message from there."
"desktop","Start contacting","Recommended"
"desktop","Start contacting","Send this phonebank to your mobile"
"desktop","Start contacting","Move this phonebank to your mobile so you can call and message from there. Open the link on your phone or scan the QR code with your camera."
"desktop","Start contacting","Send to phone"
"desktop","Start contacting","Running this with a group?"
"desktop","Start contacting","Splitting on"
"desktop","Start contacting","Split between participants"
"desktop","Start contacting","Split between"
"desktop","Start contacting","participants"
"desktop","Start contacting","About [count] contacts each"
"desktop","Start contacting","Send from desktop instead"
"desktop","Start contacting","You can also use the links below directly from this browser."
"desktop","Start contacting","Signal / Telegram enabled"
"desktop","Start contacting","Add Signal / Telegram"
"desktop","Start contacting","Call notes"
"desktop","Start contacting","These prompts apply to everyone in this phonebank."
"desktop","Start contacting","Back to messages"
"desktop","Start contacting","Back to notes & reportbacks"
"desktop","Extra channels modal","Add Signal and Telegram"
"desktop","Extra channels modal","This adds Signal and Telegram buttons beside WhatsApp and SMS. Signal does not support pre-filled messages, so clicking Signal will copy the message to your clipboard and then open the chat with the contact's number."
"desktop","Extra channels modal","Telegram will open the contact by phone number where supported by the app."
"desktop","Extra channels modal","Cancel"
"desktop","Extra channels modal","Enable"
"both","Message links","Message contact"
"both","Message links","WhatsApp"
"both","Message links","SMS"
"both","Message links","Signal"
"both","Message links","Telegram"
"both","Message links","Copy message text"
"desktop","Transfer modal","Send from your phone"
"desktop","Transfer modal","This prepares the phonebank so it can be opened on a mobile: contacts, messages and any organiser options you have added."
"desktop","Transfer modal","Hosting mode is on. Each participant should use only their own QR code or link, then you move to the next participant."
"desktop","Transfer modal","Open the link on your phone, or scan the QR code with your phone's normal camera."
"desktop","Transfer modal","The link can be sent to yourself or a participant by WhatsApp, Signal, email, notes, or any other app you use across devices."
"desktop","Transfer modal","Both methods open the same phonebank on mobile. Anyone with the QR code or full link can open it, so only share it with people taking part."
"desktop","Transfer modal","Previous participant"
"desktop","Transfer modal","Next participant"
"desktop","Transfer modal","Once one participant has imported their data, move to the next participant."
"desktop","Transfer modal","Share a unique link"
"desktop","Transfer modal","Copy this link and send it somewhere you can open on your phone. When opened, it loads this phonebank on mobile."
"desktop","Transfer modal","Preparing link"
"desktop","Transfer modal","Link [number] of [total]"
"desktop","Transfer modal","Contains [count]/[total] contacts"
"desktop","Transfer modal","Contains [count]/[total] contacts for this participant"
"desktop","Transfer modal","Copy"
"desktop","Transfer modal","Link copied."
"desktop","Transfer modal","Link [number] copied."
"desktop","Transfer modal","Copy failed. Select and copy the link manually."
"desktop","Transfer modal","Scan the QR code"
"desktop","Transfer modal","Use the phone's normal camera app. It will open the mobile phonebank automatically."
"desktop","Transfer modal","Transfer QR code"
"desktop","Transfer modal","Transfer QR code [number]"
"desktop","Transfer modal","Generating QR codes..."
"desktop","Transfer modal","Prev link"
"desktop","Transfer modal","Next link"
"desktop","Transfer modal","QR [number] of [total]"
"desktop","Transfer modal","This transfer is too large to fit cleanly in a QR code. Try copying the link below, or shorten the message templates."
"desktop","Transfer modal","The templates alone make the link too long. Shorten the templates or use QR transfer instead."
"desktop","Transfer modal","This phonebank is too large for one compact link, so the contacts have been split into batches. Each link includes all templates and only the contacts shown for that batch."
"desktop","Product tour","Stage 1 of 3"
"desktop","Product tour","Stage 2 of 3"
"desktop","Product tour","Stage 3 of 3"
"desktop","Product tour","Stage 1 of 4"
"desktop","Product tour","Stage 2 of 4"
"desktop","Product tour","Stage 3 of 4"
"desktop","Product tour","Stage 4 of 4"
"desktop","Product tour","Import your contacts"
"desktop","Product tour","Copy and paste in names and phone numbers for your contacts."
"desktop","Product tour","Write your messages"
"desktop","Product tour","Create template messages to send to contacts, over WhatsApp, SMS, Signal or Telegram. You can create multiple templates - for example, one for people you get through to, and one for people who don't pick up."
"desktop","Product tour","Start contacting"
"desktop","Product tour","Send the data to your phone and start calling and texting! You can also send messages from your browser if you'd prefer."
"desktop","Product tour","Optional organiser tools"
"desktop","Product tour","Need more options?"
"desktop","Product tour","Organiser Mode allows you to add prompts, talking points or context for phonebankers, or enable reportbacks so participants can send you outcomes back at the end of a session."
"both","Product tour controls","Skip product tour"
"both","Product tour controls","Back"
"both","Product tour controls","Next"
"both","Product tour controls","Done"
"desktop","Help drawer","QUICK GUIDE"
"desktop","Help drawer","REACHOUT helps you turn contact lists and message templates into quick WhatsApp and SMS links - useful for follow-ups, mobilisation, turnout, and supporter care."
"desktop","Help drawer","1. Add Contacts"
"desktop","Help drawer","Paste names and phone numbers from a spreadsheet, notes app, or contact list. One person per line works best."
"desktop","Help drawer","EXAMPLE FORMAT:"
"desktop","Help drawer","Sandy Mills, +44 7712 345678"
"desktop","Help drawer","Mia Benson, +44 7345 678901"
"desktop","Help drawer","Jake Woods, +44 3461 234567"
"desktop","Help drawer","Include both a name and phone number on each line."
"desktop","Help drawer","Use international prefixes like +44 for WhatsApp links."
"desktop","Help drawer","Prioritise people with a clear reason to be contacted - recent sign-ups, local members, event attendees, or people who have already shown interest."
"desktop","Help drawer","2. Write Messages"
"desktop","Help drawer","Good organising messages are personal, specific, and clear about what you are asking someone to do."
"desktop","Help drawer","Use {FIRSTNAME} to personalise each message."
"desktop","Help drawer","Keep it short enough to feel like something you would genuinely send yourself."
"desktop","Help drawer","Lead with context: why this person, why now, and why it matters."
"desktop","Help drawer","Use a clear ask. A soft ask is low-commitment, like ""Can I send you the details?"" or ""Are you interested?"""
"desktop","Help drawer","A hard ask is more direct, like ""Can you come on Thursday at 7?"" or ""Will you call your MSP today?"""
"desktop","Help drawer","For warm contacts, move towards a hard ask. For colder contacts, start with a soft ask and build from there."
"desktop","Help drawer","WhatsApp supports simple formatting like *bold* and _italics_; SMS will be sent as plain text."
"desktop","Help drawer","3. Phonebanking Tips"
"desktop","Help drawer","The aim is not just to pass on information - it is to move someone one step further into action."
"desktop","Help drawer","Say who you are, where you are calling from, and why you are calling in the first sentence."
"desktop","Help drawer","Start with a question, not a speech. Listen for what they care about before giving details."
"desktop","Help drawer","Match the ask to the person. New or unsure supporters may need a soft ask; committed supporters should get a clear hard ask."
"desktop","Help drawer","Always offer a concrete next step: RSVP, attend a meeting, make a call, share a link, take a shift, or expect a follow-up."
"desktop","Help drawer","If they say yes, confirm the details and send them immediately by text."
"desktop","Help drawer","If they are unsure, ask what would make it easier for them to take part."
"desktop","Help drawer","If they cannot talk, offer to text the key information or arrange a better time."
"desktop","Help drawer","Got it"
"desktop","Organiser mode modal","Call notes and reportbacks"
"desktop","Organiser mode modal","Organiser Mode adds an extra setup stage before sharing the phonebank."
"desktop","Organiser mode modal","Call notes let you give phonebankers prompts, talking points or local context alongside each contact."
"desktop","Organiser mode modal","Reportbacks let phonebankers record outcomes and send you a summary at the end of a session."
"desktop","Organiser mode modal","Got it"
"desktop","Reportback number modal","Add your number first"
"desktop","Reportback number modal","Reportbacks are enabled, but there is no phone number for people to send their reports to. Add your number before moving on."
"desktop","Reportback number modal","Back to reportback settings"
"both","FAQ","FAQ"
"both","FAQ","FREQUENTLY ASKED QUESTIONS"
"both","FAQ","Placeholder answers for now. This page is ready for proper copy once the questions are final."
"both","FAQ","Back to REACHOUT"
"both","FAQ","What is REACHOUT for?"
"both","FAQ","Lorem ipsum dolor sit amet, consectetur adipiscing elit. Integer posuere erat a ante venenatis dapibus."
"both","FAQ","How do I send a phonebank to my phone?"
"both","FAQ","Lorem ipsum dolor sit amet, consectetur adipiscing elit. Praesent commodo cursus magna, vel scelerisque nisl consectetur."
"both","FAQ","Can I use reportbacks with a group?"
"both","FAQ","Lorem ipsum dolor sit amet, consectetur adipiscing elit. Donec ullamcorper nulla non metus auctor fringilla."
"both","FAQ","What happens to my contact data?"
"both","FAQ","Lorem ipsum dolor sit amet, consectetur adipiscing elit. Aenean lacinia bibendum nulla sed consectetur."
"mobile","Mobile header","REACHOUT"
"mobile","Mobile header","by TenantAct"
"mobile","Mobile header","Open product tour"
"mobile","Mobile header","Switch to light mode"
"mobile","Mobile header","Switch to dark mode"
"mobile","Mobile nav","Phonebank"
"mobile","Mobile nav","Contacts"
"mobile","Mobile nav","Templates"
"mobile","Mobile nav","Scan data"
"mobile","Mobile product tour","Step 1 of 4"
"mobile","Mobile product tour","Start contacting"
"mobile","Mobile product tour","Your contacts are already loaded, so you can start calling and texting from the phonebank deck right away."
"mobile","Mobile product tour","Step 2 of 4"
"mobile","Mobile product tour","Check your contacts"
"mobile","Mobile product tour","Use Contacts to browse the list, fix a number or remove someone before you start working through the phonebank."
"mobile","Mobile product tour","Step 3 of 4"
"mobile","Mobile product tour","Write your messages"
"mobile","Mobile product tour","Use Templates to create messages to send to contacts, over WhatsApp, SMS, Signal or Telegram. You can create multiple templates - for example, one for people you get through to, and one for people who don't pick up."
"mobile","Mobile product tour","Step 4 of 4"
"mobile","Mobile product tour","Import or refresh data"
"mobile","Mobile product tour","If you need to load a new list, use Scan data to pull contacts and templates from desktop."
"mobile","Example data toast","Example data"
"mobile","Example data toast","These contacts and templates are here to demo the tool. Scan data or open a transfer link to load your real setup."
"mobile","Exit confirmation","Leaving REACHOUT?"
"mobile","Exit confirmation","Are you sure you're finished?"
"mobile","Exit confirmation","If you close this tab, you may lose where you were in this phonebank."
"mobile","Exit confirmation","Stay here"
"mobile","Exit confirmation","I'm finished"
"mobile","Phonebank intro","Phonebank ready"
"mobile","Phonebank intro","You're ready to start"
"mobile","Phonebank intro","Work through the contacts one at a time. Use the buttons on each card to call people or send the template messages that have been loaded."
"mobile","Phonebank intro","[count] contacts loaded"
"mobile","Phonebank intro","[count] message templates"
"mobile","Phonebank intro","Reportback enabled"
"mobile","Phonebank intro","The Call button opens your phone dialler."
"mobile","Phonebank intro","Use Set up if you want to change the templates first."
"mobile","Phonebank intro","Read the FAQ"
"mobile","Phonebank deck","No contacts"
"mobile","Phonebank deck","Prev"
"mobile","Phonebank deck","Next"
"mobile","Phonebank deck","Complete the required reportback questions before moving to the next contact."
"mobile","Phonebank finished","You're finished"
"mobile","Phonebank finished","You've reached the end of this phonebank. Nice one. You can go back through contacts if you need to copy a number or send another message."
"mobile","Contact card","Call"
"mobile","Contact card","Talking point reminders:"
"mobile","Contact card","Message contact"
"mobile","Contact card","Use this to record what happened after this contact. Your answers will be included in the report at the end."
"mobile","Contact card","Report back"
"mobile","Contact card","Report back -  required"
"mobile","Contact report form","Close"
"mobile","Contact report form","Contact report"
"mobile","Contact report form","Required before moving on"
"mobile","Contact report form","Yes"
"mobile","Contact report form","No"
"mobile","Contact report form","Note anything worth following up here"
"mobile","Contact report form","No reportback questions set."
"mobile","Contacts manager","Contacts"
"mobile","Contacts manager","Browse, edit or remove contacts before you start phonebanking."
"mobile","Contacts manager","No contacts loaded"
"mobile","Contacts manager","Use Scan data to import a list."
"mobile","Contacts manager","Name"
"mobile","Contacts manager","Phone"
"mobile","Contacts manager","Save contact"
"mobile","Contacts manager","Cancel editing"
"mobile","Contacts manager","Edit [contact name]"
"mobile","Contacts manager","Delete [contact name]"
"mobile","Templates","Edit Templates"
"mobile","Templates","Add"
"mobile","Templates","Signal / Telegram enabled"
"mobile","Templates","Add Signal / Telegram"
"mobile","Templates","New Template"
"mobile","Templates","Remove template"
"mobile","Templates modal","Add Signal and Telegram"
"mobile","Templates modal","This adds Signal and Telegram as contact options. Signal does not allow pre-filled messages, so tapping Signal will copy the message to your clipboard and open the chat with the contact."
"mobile","Templates modal","Telegram will open the contact by phone number where supported by the app."
"mobile","Templates modal","Cancel"
"mobile","Templates modal","Enable"
"mobile","Scan data","Scan data"
"mobile","Scan data","Use this phone to scan the QR code shown on desktop."
"mobile","Scan data","How to scan"
"mobile","Scan data","Keep the QR window open on the desktop. Tap Start scanning below. Your browser may ask for camera access: choose Allow, then point the back camera at the desktop QR code until the import completes."
"mobile","Scan data","If you opened this page by scanning a QR code with your normal camera app, that first code has already been counted."
"mobile","Scan data","Start scanning"
"mobile","Scan data","Stop scanning"
"mobile","Scan data","Starting camera"
"mobile","Scan data","If asked, allow camera access."
"mobile","Scan data","Ready to scan QR codes from desktop."
"mobile","Scan data","Starting the back camera..."
"mobile","Scan data","Finding an available back camera..."
"mobile","Scan data","Camera ready. Point it at the QR code."
"mobile","Scan data","No camera found on this device."
"mobile","Scan data","Could not start the camera. Check camera permission and try again."
"mobile","Scan data","That QR code is not REACHOUT transfer data."
"mobile","Scan data","First QR captured. Tap Start scanning, allow camera access, then keep scanning until you reach [total] of [total]."
"mobile","Scan data","Scanned [count] of [total] QR codes."
"mobile","Scan data","All data imported."
"mobile","Scan success","Phonebank imported"
"mobile","Scan success","Loaded [count] contacts and [count] message templates[, with reportbacks enabled]."
"mobile","Scan success","Opening contacts..."
"mobile","Mobile reportback send","REACHOUT reportback"
"mobile","Mobile reportback send","not recorded"
"mobile","Mobile reportback send","date not recorded"
"mobile","Mobile reportback send","Name"
"mobile","Mobile reportback send","Phone"
"mobile","Mobile reportback send","Date"
"mobile","Mobile reportback send","You're finished - now report back"
"mobile","Mobile reportback send","Send your organiser a summary of how your calls went using the buttons below - just click and send."
"mobile","Mobile reportback send","WhatsApp report"
"mobile","Mobile reportback send","SMS report"
"mobile","Mobile reportback send","Copy full report"
"both","Default reportback questions","Did they pick up?"
"both","Default reportback questions","Notes"
"both","Example call notes","Remind them about the branch meeting next Thursday."
"both","Example call notes","Ask whether they have any current rent or repairs issues."
"both","Example call notes","Check if they would be up for taking one small action this week."
"both","Mock contacts","Sandy Mills"
"both","Mock contacts","Mia Benson"
"both","Mock contacts","Jake Woods"
"both","Mock contacts","Lila Harper"
"both","Mock contacts","Gabe Tucker"
"both","Mock templates","Follow up"
"both","Mock templates","Hey {FIRSTNAME} - great to chat. Here are the details about that action..."
"both","Mock templates","No answer"
"both","Mock templates","Hey {FIRSTNAME}! I'm getting in touch from Living Rent. I was just phoning to tell you about this action we've got coming up..."
"both","Mock script bullets","Greet and introduce yourself as a tenant union organizer."
"both","Mock script bullets","Invite them to the rogue landlord debrief campaign."
"both","Mock script bullets","Confirm details (Friday, Strathmore Bar back room)."
"both","Mock script bullets","Ask if they need transport or have access requirements."
"both","Mock script bullets","Thank them and confirm they are saved on the attendee tracker."
